H2O2 + OH <=> H2O + HO2,2 HO2 <=> H2O2 + O2,HO2 + OH <=> H2O + O2,2 OH <=> H2O + O,CH3 + HO2 <=> CH4 + O2,CH3 + HO2 <=> CH3O + OH
1.00E-06,1.00E-06,1.00E-06,1.00E-06,1.00E-06,1.00E-06
1.00E-06,1.00E-06,1.00E-06,1.00E-06,1.00E-06,1.00E-06
1.00E-06,1.00E-06,1.00E-06,1.00E-06,1.00E-06,
1.00E-06,1.00E-06,1.00E-06,1.00E-06,,
1.00E-06,1.00E-06,1.00E-06,1.00E-06,,
1.00E-06,1.00E-06,1.00E-06,1.00E-06,,
1.00E-06,1.00E-06,1.00E-06,1.00E-06,,
1.00E-06,,1.00E-06,1.00E-06,,
,,1.00E-06,1.00E-06,,
,,1.00E-06,1.00E-06,,
,,1.00E-06,,,
,,1.00E-06,,,
,,1.00E-06,,,